name,free_returns,items_sold,status,shipping,price
Shop on eBay,False,,Brand New,,2000
Reolink Battery Security Camera Wireless Waterproof PIR Argus Eco & Solar Panel,False,,Brand New,0,8499
4PCS Indoor Wifi IP Security Camera Baby Monitor Home Surveillance Night Vision,True,,Brand New,0,7199
Digital Camera 3.0 Inch TFT LCD Screen 16X Zoom HD 16MP 1080P Anti-Shake Mic US,True,,Brand New,0,3299
Polaroid i20X29 20MP HD 1080P Video 10X Optical Zoom 2.8 LCD Red Digital Camera,True,329,Brand New,695,2999
MINT Canon Rebel T5 SLR Camera w/ EF-S 18-55mm IS II Lens (2 LENSES),False,401,Pre-Owned,0,30999
Mini Spy Camera WiFi HD 1080P Hidden IP Night Vision Camcorder Home Security Cam,True,,Brand New,0,2099
1080P  WiFi Camera Light Bulb Security Home Camera Wireless Waterproof IP66 CCTV,True,,Brand New,0,1959
"New ListingLeica M240 digital full-frame camera body, black 3 batteries",False,,Pre-Owned,0,500
Mini Spy Camera Security Surveillance Hidden Motion Detection DVR 1080P Full HD,True,,Brand New,0,2399
Sony Alpha a6100 24.2MP Mirrorless Camera Black (with 16-50mm lens kit) - NEW,False,,Open Box,0,54900
New ListingNikon COOLPIX S9900 16MP / 30x / Full HD / WiFi Digital Camera - Great Condition,False,,Pre-Owned,1260,16999
Mini Spy Camera WIFI 1080P HD Hidden IP Motion Night Vision Security Nanny Cam,False,,Brand New,0,1599
New ListingNikon COOLPIX L105 12.1MP Digital Camera,True,,Pre-Owned,585,3295
Wyze Wireless Smart Home Security Camera v2 Night Vision WYZEC2 1080p HD,True,2850,Certified - Refurbished,0,1699
4K Action Sport Waterproof Camera 20 MP Recorder HD 1080P Camcorder Video 170°,True,,Brand New,0,1889
For iPhone 14 13 12 11 Pro Max Tempered Glass Privacy Screen Camera Protectors,True,,Brand New,0,525
 Digital Camera 2.4 Inch TFT LCD Screen 4X Zoom HD 16MP 1080P Anti-Shake Mic US,True,57,Brand New,0,2499
Canon EOS 2000D / Rebel T7 24.1MP DSLR Camera + 18-55mm Lens + All You Need Kit,True,730,Brand New,0,40900
New ListingCanon PowerShot A630 8.0MP Digital Camera - Silver W/ Manuals Tested and Working,False,,Pre-Owned,1115,99
Canon EOS 2000D / Rebel T7 24.1MP CMOS 1080p DSLR Camera + EF-S 18-55mm Lens,True,446,Brand New,0,34899
New ListingCanon PowerShot A95 5.0 MP Digital Camera Silver w/Flip LCD Viewer + Memory Card,False,,Pre-Owned,0,8495
Mini Wireless Hidden Spy Camera Wifi 1080p HD Motion Detection Home Security Cam,True,,Brand New,0,2294
New ListingPink Canon PowerShot A1100 IS 4X Optical Zoom 12.1 MP Digital Camera EXC WORKS,False,,Pre-Owned,495,3995
Blink Outdoor (3rd Gen) Add-On Home Security Camera | HD Video work with XT1 XT2,False,4770,New (Other),0,4995
New ListingSony Alpha a6500 24.2MP Camera Body ILCE-6500 - 781 Shutter Count - MINT!,True,,Pre-Owned,995,8300
360° 1080P IP E27 Light Bulb Camera Wi-Fi IR Night Smart Home Wireless Security,True,,Brand New,0,2565
Digital Camera 3.0 Inch TFT LCD Screen 16X Zoom HD 16MP 1080P Anti-Shake Mic US,True,,Brand New,0,3309
New ListingOlympus Pen E-P3 12.3MP Micro 4/3 Digital Camera Body #511,False,,Pre-Owned,0,7315
YI 4pc Home Camera 1080p Wireless IP Security Surveillance System Night Vision,True,,Certified - Refurbished,0,5499
For iPhone 14 13 12 11 Pro Max Tempered Glass Screen Protector Camera Protector,True,,Brand New,0,499
360° 1080P IP E27 Light Bulb Camera Wi-Fi IR Night Smart Home Wireless Security,True,,Brand New,0,2289
Wireless Security Camera System Outdoor Home 5G Wifi Night Vision Cam 1080P HD,True,,Brand New,0,2565
Canon EOS 2000D / Rebel T7 DSLR Camera with 18-55mm Lens  + Creative Kit,True,237,Brand New,0,42999
New ListingNikon COOLPIX S9500 18.1MP / 22x / Full HD / WiFi Digital Camera - Excellent,False,,Pre-Owned,1260,10999
Canon EOS 2000D / Rebel T7 SLR Camera + 3 Lens Kit 18-55mm + 16GB + Flash & More,True,,Brand New,0,43995
New ListingCanon EOS 5D 12.8 MP Full Frame Digital SLR Camera Body w/ Battery & Charger,False,,Pre-Owned,1705,99
WiFi Mini Spy Camera 1080P HD Hidden IP Motion Night Vision Nanny Security Cam,True,,Brand New,0,1599
New ListingCanon PowerShot S5 IS 8.0MP Digital Camera,True,,Pre-Owned,585,3395
SPARK PROCAM Super High Quality 1080P HD USB Security Hidden Camera,False,,Brand New,0,1098
2022 New RC Drone With 4K HD Dual Camera WiFi FPV Foldable Quadcopter +4 Battery,True,,Brand New,0,5999
ZOSI 1080p 4in1 Wired Home CCTV Security Camera Outdoor Waterproof Night Vision,True,,Brand New,0,1659
New ListingNikon D3500 DSLR Video Camera 18-55mm f/3.5-5.6G VR Lens Black,False,,Pre-Owned,2088,17500
WiFi Wireless Camera Mini Security Camera Nanny Cam Audio Live Feed IOS/Android,True,,Brand New,0,1199
"Genuine Ring 2, 3 Video Door Bell Rechargeable Battery Pack Quick Release Power ",True,,New (Other),0,1595
Zmodo 1080p WiFi Indoor/Outdoor Home Security Cameras with Night Vision *2-Pack*,False,,Pre-Owned,0,3699
Sony Alpha 7 IV Full-frame Mirrorless Interchangeable Lens Camera,True,133,Brand New,0,210900
1080HD Mini Hidden Spy Cam Motion Detection Home Security  Surveillance Camera,False,,Brand New,0,1897
New ListingCanon PowerShot G15 12.1MP Digital Camera and Accessories,False,,Pre-Owned,1100,21900
Wireless Mini Spy Camera WiFi HD 1080P Hidden IP Night Vision Home Security Cam,False,,Brand New,0,1966
New ListingNikon Coolpix 2200 Digital 2MP Camera 3X Zoom E2200 Manual Nikon View Software,False,,Pre-Owned,0,1999
Wyze Labs Cam V3 WYZEC3 Indoor/Outdoor Surveillance Security Camera,True,2810,New (Other),0,2799
New ListingCANON EOS 1Ds MARK II FULL FRAME Digital Camera + Charger & Battery EX +,False,,Pre-Owned,1494,29900
New ListingCanon EOS 5D MARK III 22.3 MP Digital SLR Camera - Black (Body Only),False,,Pre-Owned,1500,34900
NEW Mini Hidden Camera Pen HD 1080P Video Recorder Clip Body Portable Nanny Cam,True,837,Brand New,0,1647
Wyze v1 Wire-Free Smart Home Security Surveillance Camera w/ Night Vision 1080p,True,785,Pre-Owned,0,2499
360° 1080P IP E27 Light Bulb Camera Wi-Fi IR Night Smart Home Wireless Security,True,2005,Brand New,0,2460
SmartSF Wireless 8CH NVR 1080P Video Security Camera System Outdoor WIFI CCTV IR,True,,Brand New,0,14799
Wireless Light Bulb Camera Outdoor 360° Panoramic 1080P HD WiFi Security Camera,True,,Brand New,0,1999
eufy SoloCam E40 2K Wireless Outdoor Security Camera 2-Way Audio w/ Alexa|Refurb,True,,Certified - Refurbished,0,7599
360° 1080P IP E27 Light Bulb Camera Wi-Fi IR Night Smart Home Wireless Security,True,,Brand New,0,1995
Wireless Security Camera System Indoor Home 5G Wifi Night Vision Cam 1080P HD ,True,712,Brand New,0,2320
XVIM 1080P Wireless E27 Bulb Camera Smart Security Camera WiFi 360° Panoramic,True,,Brand New,0,2109
1080P HD Mini Camera IP Wifi Hidden Wireless Home Security Surveillance CAM,True,,Brand New,0,1699
WiFi Wireless Camera Mini Security Camera Nanny Cam Audio Live Feed Android IOS,True,,Brand New,0,1095
ZOSI 8CH 2MP DVR Outdoor Home CCTV 1080p HD Security Camera System Night Vision,True,,Brand New,0,10911
"New ListingPanasonic LUMIX ZS60 18.0MP Digital Camera - Silver, For Parts w/accessories",False,,Parts Only,990,2000
Camcorder Video Camera Ultra HD 4K 48MP WiFi Microphone Remote,False,21,Brand New,0,9990
1080P Wireless Camera PTZ Outdoor WiFi Security Camera System CCTV Night Vision,True,,Brand New,0,2799
360° Panoramic WiFi IR IP E27 Light Bulb Camera 1080P HD Night Smart Home,True,,Brand New,0,2298
ZOSI 5mp Lite 8CH DVR 1080p Security Camera System Outdoor H.265+  Home CCTV Kit,True,133,Brand New,0,10599
360° Panoramic WiFi IR IP E27 Light Bulb Camera 1080P HD colorful night vision,True,1111,Brand New,0,1798
"YI 1080p Smart Home Camera, Indoor IP Security Surveillance System Night Vision",True,,Certified - Refurbished,0,1499
Smart Wireless WiFi Doorbell Bell Security Intercom Video Camera Door Bell Chime,True,,Brand New,0,2999
For Samsung Galaxy S20 S21 S22 Ultra Camera Lens Tempered Glass Screen Protector,True,938,Brand New,0,1099
"For Samsung Galaxy S22+ Ultra/Plus 5G Tempered Glass Screen Protector,Lens Cover",True,,Brand New,0,449
